,danceability,energy,key,loudness,mode,speechiness,acousticness,instrumentalness,liveness,valence,tempo,type_x,id,uri_x,track_href,analysis_url,duration_ms_x,time_signature,album,artists,disc_number,duration_ms_y,explicit,external_ids,external_urls,href,is_local,is_playable,name,popularity,preview_url,track_number,type_y,uri_y,artist-album
0,0.188,0.489,2,-10.152,1,0.0378,0.761,0.103,0.109,0.127,77.459,audio_features,5tuHiLI7CPV1BI9m2Gnlph,spotify:track:5tuHiLI7CPV1BI9m2Gnlph,https://api.spotify.com/v1/tracks/5tuHiLI7CPV1BI9m2Gnlph,https://api.spotify.com/v1/audio-analysis/5tuHiLI7CPV1BI9m2Gnlph,248995,4,"{'album_type': 'album', 'artists': [{'external_urls': {'spotify': 'https://open.spotify.com/artist/7bcbShaqKdcyjnmv4Ix8j6'}, 'href': 'https://api.spotify.com/v1/artists/7bcbShaqKdcyjnmv4Ix8j6', 'id': '7bcbShaqKdcyjnmv4Ix8j6', 'name': 'St. Vincent', 'type': 'artist', 'uri': 'spotify:artist:7bcbShaqKdcyjnmv4Ix8j6'}], 'external_urls': {'spotify': 'https://open.spotify.com/album/3nRlJXz5W39luXRto5hc4f'}, 'href': 'https://api.spotify.com/v1/albums/3nRlJXz5W39luXRto5hc4f', 'id': '3nRlJXz5W39luXRto5hc4f', 'images': [{'url': 'https://i.scdn.co/image/ab67616d0000b273902e9fffc3787dd4fe7678e7', 'width': 640, 'height': 640}, {'url': 'https://i.scdn.co/image/ab67616d00001e02902e9fffc3787dd4fe7678e7', 'width': 300, 'height': 300}, {'url': 'https://i.scdn.co/image/ab67616d00004851902e9fffc3787dd4fe7678e7', 'width': 64, 'height': 64}], 'is_playable': True, 'name': 'All Born Screaming', 'release_date': '2024-04-26', 'release_date_precision': 'day', 'total_tracks': 10, 'type': 'album', 'uri': 'spotify:album:3nRlJXz5W39luXRto5hc4f'}","[{'external_urls': {'spotify': 'https://open.spotify.com/artist/7bcbShaqKdcyjnmv4Ix8j6'}, 'href': 'https://api.spotify.com/v1/artists/7bcbShaqKdcyjnmv4Ix8j6', 'id': '7bcbShaqKdcyjnmv4Ix8j6', 'name': 'St. Vincent', 'type': 'artist', 'uri': 'spotify:artist:7bcbShaqKdcyjnmv4Ix8j6'}]",1,248995,False,{'isrc': 'USA2P2401574'},{'spotify': 'https://open.spotify.com/track/5tuHiLI7CPV1BI9m2Gnlph'},https://api.spotify.com/v1/tracks/5tuHiLI7CPV1BI9m2Gnlph,False,True,Hell Is Near,45,https://p.scdn.co/mp3-preview/f29b78be5c92601a52e6021ebcbf1e129f6aa91e?cid=33d8deeef1ab45eab51ced741d6bf2f4,1,track,spotify:track:5tuHiLI7CPV1BI9m2Gnlph,St. Vincent: All Born Screaming
1,0.258,0.307,7,-10.207,1,0.0688,0.13,0.00291,0.102,0.0807,74.037,audio_features,5iI1svWkerLI9FgQbIzQTu,spotify:track:5iI1svWkerLI9FgQbIzQTu,https://api.spotify.com/v1/tracks/5iI1svWkerLI9FgQbIzQTu,https://api.spotify.com/v1/audio-analysis/5iI1svWkerLI9FgQbIzQTu,237203,4,"{'album_type': 'album', 'artists': [{'external_urls': {'spotify': 'https://open.spotify.com/artist/7bcbShaqKdcyjnmv4Ix8j6'}, 'href': 'https://api.spotify.com/v1/artists/7bcbShaqKdcyjnmv4Ix8j6', 'id': '7bcbShaqKdcyjnmv4Ix8j6', 'name': 'St. Vincent', 'type': 'artist', 'uri': 'spotify:artist:7bcbShaqKdcyjnmv4Ix8j6'}], 'external_urls': {'spotify': 'https://open.spotify.com/album/3nRlJXz5W39luXRto5hc4f'}, 'href': 'https://api.spotify.com/v1/albums/3nRlJXz5W39luXRto5hc4f', 'id': '3nRlJXz5W39luXRto5hc4f', 'images': [{'url': 'https://i.scdn.co/image/ab67616d0000b273902e9fffc3787dd4fe7678e7', 'width': 640, 'height': 640}, {'url': 'https://i.scdn.co/image/ab67616d00001e02902e9fffc3787dd4fe7678e7', 'width': 300, 'height': 300}, {'url': 'https://i.scdn.co/image/ab67616d00004851902e9fffc3787dd4fe7678e7', 'width': 64, 'height': 64}], 'is_playable': True, 'name': 'All Born Screaming', 'release_date': '2024-04-26', 'release_date_precision': 'day', 'total_tracks': 10, 'type': 'album', 'uri': 'spotify:album:3nRlJXz5W39luXRto5hc4f'}","[{'external_urls': {'spotify': 'https://open.spotify.com/artist/7bcbShaqKdcyjnmv4Ix8j6'}, 'href': 'https://api.spotify.com/v1/artists/7bcbShaqKdcyjnmv4Ix8j6', 'id': '7bcbShaqKdcyjnmv4Ix8j6', 'name': 'St. Vincent', 'type': 'artist', 'uri': 'spotify:artist:7bcbShaqKdcyjnmv4Ix8j6'}]",1,237203,False,{'isrc': 'USA2P2401575'},{'spotify': 'https://open.spotify.com/track/5iI1svWkerLI9FgQbIzQTu'},https://api.spotify.com/v1/tracks/5iI1svWkerLI9FgQbIzQTu,False,True,Reckless,42,https://p.scdn.co/mp3-preview/d0ec9968154bf6942acbf2cc79567a7af3b5c8d8?cid=33d8deeef1ab45eab51ced741d6bf2f4,2,track,spotify:track:5iI1svWkerLI9FgQbIzQTu,St. Vincent: All Born Screaming
2,0.77,0.736,8,-4.98,0,0.0569,0.0621,0.00843,0.109,0.577,112.018,audio_features,1kgLXgHrXecZyRCDROfAPb,spotify:track:1kgLXgHrXecZyRCDROfAPb,https://api.spotify.com/v1/tracks/1kgLXgHrXecZyRCDROfAPb,https://api.spotify.com/v1/audio-analysis/1kgLXgHrXecZyRCDROfAPb,201533,4,"{'album_type': 'album', 'artists': [{'external_urls': {'spotify': 'https://open.spotify.com/artist/7bcbShaqKdcyjnmv4Ix8j6'}, 'href': 'https://api.spotify.com/v1/artists/7bcbShaqKdcyjnmv4Ix8j6', 'id': '7bcbShaqKdcyjnmv4Ix8j6', 'name': 'St. Vincent', 'type': 'artist', 'uri': 'spotify:artist:7bcbShaqKdcyjnmv4Ix8j6'}], 'external_urls': {'spotify': 'https://open.spotify.com/album/3nRlJXz5W39luXRto5hc4f'}, 'href': 'https://api.spotify.com/v1/albums/3nRlJXz5W39luXRto5hc4f', 'id': '3nRlJXz5W39luXRto5hc4f', 'images': [{'url': 'https://i.scdn.co/image/ab67616d0000b273902e9fffc3787dd4fe7678e7', 'width': 640, 'height': 640}, {'url': 'https://i.scdn.co/image/ab67616d00001e02902e9fffc3787dd4fe7678e7', 'width': 300, 'height': 300}, {'url': 'https://i.scdn.co/image/ab67616d00004851902e9fffc3787dd4fe7678e7', 'width': 64, 'height': 64}], 'is_playable': True, 'name': 'All Born Screaming', 'release_date': '2024-04-26', 'release_date_precision': 'day', 'total_tracks': 10, 'type': 'album', 'uri': 'spotify:album:3nRlJXz5W39luXRto5hc4f'}","[{'external_urls': {'spotify': 'https://open.spotify.com/artist/7bcbShaqKdcyjnmv4Ix8j6'}, 'href': 'https://api.spotify.com/v1/artists/7bcbShaqKdcyjnmv4Ix8j6', 'id': '7bcbShaqKdcyjnmv4Ix8j6', 'name': 'St. Vincent', 'type': 'artist', 'uri': 'spotify:artist:7bcbShaqKdcyjnmv4Ix8j6'}]",1,201533,False,{'isrc': 'USA2P2401576'},{'spotify': 'https://open.spotify.com/track/1kgLXgHrXecZyRCDROfAPb'},https://api.spotify.com/v1/tracks/1kgLXgHrXecZyRCDROfAPb,False,True,Broken Man,50,https://p.scdn.co/mp3-preview/b2fa40a0245f0cf570faae3e9dfcccc41be5822c?cid=33d8deeef1ab45eab51ced741d6bf2f4,3,track,spotify:track:1kgLXgHrXecZyRCDROfAPb,St. Vincent: All Born Screaming
3,0.483,0.764,9,-4.897,1,0.0453,0.038,0.137,0.35,0.386,138.055,audio_features,6TryolYM0MBzNTxGrlfcqt,spotify:track:6TryolYM0MBzNTxGrlfcqt,https://api.spotify.com/v1/tracks/6TryolYM0MBzNTxGrlfcqt,https://api.spotify.com/v1/audio-analysis/6TryolYM0MBzNTxGrlfcqt,226578,4,"{'album_type': 'album', 'artists': [{'external_urls': {'spotify': 'https://open.spotify.com/artist/7bcbShaqKdcyjnmv4Ix8j6'}, 'href': 'https://api.spotify.com/v1/artists/7bcbShaqKdcyjnmv4Ix8j6', 'id': '7bcbShaqKdcyjnmv4Ix8j6', 'name': 'St. Vincent', 'type': 'artist', 'uri': 'spotify:artist:7bcbShaqKdcyjnmv4Ix8j6'}], 'external_urls': {'spotify': 'https://open.spotify.com/album/3nRlJXz5W39luXRto5hc4f'}, 'href': 'https://api.spotify.com/v1/albums/3nRlJXz5W39luXRto5hc4f', 'id': '3nRlJXz5W39luXRto5hc4f', 'images': [{'url': 'https://i.scdn.co/image/ab67616d0000b273902e9fffc3787dd4fe7678e7', 'width': 640, 'height': 640}, {'url': 'https://i.scdn.co/image/ab67616d00001e02902e9fffc3787dd4fe7678e7', 'width': 300, 'height': 300}, {'url': 'https://i.scdn.co/image/ab67616d00004851902e9fffc3787dd4fe7678e7', 'width': 64, 'height': 64}], 'is_playable': True, 'name': 'All Born Screaming', 'release_date': '2024-04-26', 'release_date_precision': 'day', 'total_tracks': 10, 'type': 'album', 'uri': 'spotify:album:3nRlJXz5W39luXRto5hc4f'}","[{'external_urls': {'spotify': 'https://open.spotify.com/artist/7bcbShaqKdcyjnmv4Ix8j6'}, 'href': 'https://api.spotify.com/v1/artists/7bcbShaqKdcyjnmv4Ix8j6', 'id': '7bcbShaqKdcyjnmv4Ix8j6', 'name': 'St. Vincent', 'type': 'artist', 'uri': 'spotify:artist:7bcbShaqKdcyjnmv4Ix8j6'}]",1,226578,False,{'isrc': 'USA2P2401577'},{'spotify': 'https://open.spotify.com/track/6TryolYM0MBzNTxGrlfcqt'},https://api.spotify.com/v1/tracks/6TryolYM0MBzNTxGrlfcqt,False,True,Flea,46,https://p.scdn.co/mp3-preview/50e9df144059dcafb1d199afcebf0c4f853f38eb?cid=33d8deeef1ab45eab51ced741d6bf2f4,4,track,spotify:track:6TryolYM0MBzNTxGrlfcqt,St. Vincent: All Born Screaming
4,0.761,0.854,11,-3.405,0,0.0521,0.00438,0.00615,0.315,0.856,101.968,audio_features,7F1xUyDoz9vSbwSaCryT5x,spotify:track:7F1xUyDoz9vSbwSaCryT5x,https://api.spotify.com/v1/tracks/7F1xUyDoz9vSbwSaCryT5x,https://api.spotify.com/v1/audio-analysis/7F1xUyDoz9vSbwSaCryT5x,178722,4,"{'album_type': 'album', 'artists': [{'external_urls': {'spotify': 'https://open.spotify.com/artist/7bcbShaqKdcyjnmv4Ix8j6'}, 'href': 'https://api.spotify.com/v1/artists/7bcbShaqKdcyjnmv4Ix8j6', 'id': '7bcbShaqKdcyjnmv4Ix8j6', 'name': 'St. Vincent', 'type': 'artist', 'uri': 'spotify:artist:7bcbShaqKdcyjnmv4Ix8j6'}], 'external_urls': {'spotify': 'https://open.spotify.com/album/3nRlJXz5W39luXRto5hc4f'}, 'href': 'https://api.spotify.com/v1/albums/3nRlJXz5W39luXRto5hc4f', 'id': '3nRlJXz5W39luXRto5hc4f', 'images': [{'url': 'https://i.scdn.co/image/ab67616d0000b273902e9fffc3787dd4fe7678e7', 'width': 640, 'height': 640}, {'url': 'https://i.scdn.co/image/ab67616d00001e02902e9fffc3787dd4fe7678e7', 'width': 300, 'height': 300}, {'url': 'https://i.scdn.co/image/ab67616d00004851902e9fffc3787dd4fe7678e7', 'width': 64, 'height': 64}], 'is_playable': True, 'name': 'All Born Screaming', 'release_date': '2024-04-26', 'release_date_precision': 'day', 'total_tracks': 10, 'type': 'album', 'uri': 'spotify:album:3nRlJXz5W39luXRto5hc4f'}","[{'external_urls': {'spotify': 'https://open.spotify.com/artist/7bcbShaqKdcyjnmv4Ix8j6'}, 'href': 'https://api.spotify.com/v1/artists/7bcbShaqKdcyjnmv4Ix8j6', 'id': '7bcbShaqKdcyjnmv4Ix8j6', 'name': 'St. Vincent', 'type': 'artist', 'uri': 'spotify:artist:7bcbShaqKdcyjnmv4Ix8j6'}]",1,178722,False,{'isrc': 'USA2P2401578'},{'spotify': 'https://open.spotify.com/track/7F1xUyDoz9vSbwSaCryT5x'},https://api.spotify.com/v1/tracks/7F1xUyDoz9vSbwSaCryT5x,False,True,Big Time Nothing,50,https://p.scdn.co/mp3-preview/fe5fe38e6531bb0b49b6d9cd8ed231c03be13c70?cid=33d8deeef1ab45eab51ced741d6bf2f4,5,track,spotify:track:7F1xUyDoz9vSbwSaCryT5x,St. Vincent: All Born Screaming
5,0.672,0.607,5,-6.778,0,0.0379,0.038,0.0989,0.101,0.367,95.008,audio_features,3v8tW1X1jnhV2NlqsCYMV2,spotify:track:3v8tW1X1jnhV2NlqsCYMV2,https://api.spotify.com/v1/tracks/3v8tW1X1jnhV2NlqsCYMV2,https://api.spotify.com/v1/audio-analysis/3v8tW1X1jnhV2NlqsCYMV2,237030,4,"{'album_type': 'album', 'artists': [{'external_urls': {'spotify': 'https://open.spotify.com/artist/7bcbShaqKdcyjnmv4Ix8j6'}, 'href': 'https://api.spotify.com/v1/artists/7bcbShaqKdcyjnmv4Ix8j6', 'id': '7bcbShaqKdcyjnmv4Ix8j6', 'name': 'St. Vincent', 'type': 'artist', 'uri': 'spotify:artist:7bcbShaqKdcyjnmv4Ix8j6'}], 'external_urls': {'spotify': 'https://open.spotify.com/album/3nRlJXz5W39luXRto5hc4f'}, 'href': 'https://api.spotify.com/v1/albums/3nRlJXz5W39luXRto5hc4f', 'id': '3nRlJXz5W39luXRto5hc4f', 'images': [{'url': 'https://i.scdn.co/image/ab67616d0000b273902e9fffc3787dd4fe7678e7', 'width': 640, 'height': 640}, {'url': 'https://i.scdn.co/image/ab67616d00001e02902e9fffc3787dd4fe7678e7', 'width': 300, 'height': 300}, {'url': 'https://i.scdn.co/image/ab67616d00004851902e9fffc3787dd4fe7678e7', 'width': 64, 'height': 64}], 'is_playable': True, 'name': 'All Born Screaming', 'release_date': '2024-04-26', 'release_date_precision': 'day', 'total_tracks': 10, 'type': 'album', 'uri': 'spotify:album:3nRlJXz5W39luXRto5hc4f'}","[{'external_urls': {'spotify': 'https://open.spotify.com/artist/7bcbShaqKdcyjnmv4Ix8j6'}, 'href': 'https://api.spotify.com/v1/artists/7bcbShaqKdcyjnmv4Ix8j6', 'id': '7bcbShaqKdcyjnmv4Ix8j6', 'name': 'St. Vincent', 'type': 'artist', 'uri': 'spotify:artist:7bcbShaqKdcyjnmv4Ix8j6'}]",1,237029,False,{'isrc': 'USA2P2401579'},{'spotify': 'https://open.spotify.com/track/3v8tW1X1jnhV2NlqsCYMV2'},https://api.spotify.com/v1/tracks/3v8tW1X1jnhV2NlqsCYMV2,False,True,Violent Times,42,https://p.scdn.co/mp3-preview/a601470cfc8b2843f6af4026c9ef9cddd56e7877?cid=33d8deeef1ab45eab51ced741d6bf2f4,6,track,spotify:track:3v8tW1X1jnhV2NlqsCYMV2,St. Vincent: All Born Screaming
6,0.418,0.618,8,-8.268,1,0.0417,0.33,0.00017,0.0867,0.243,69.961,audio_features,3LLpaB6tOUeSZRAkHBUEPU,spotify:track:3LLpaB6tOUeSZRAkHBUEPU,https://api.spotify.com/v1/tracks/3LLpaB6tOUeSZRAkHBUEPU,https://api.spotify.com/v1/audio-analysis/3LLpaB6tOUeSZRAkHBUEPU,278273,3,"{'album_type': 'album', 'artists': [{'external_urls': {'spotify': 'https://open.spotify.com/artist/7bcbShaqKdcyjnmv4Ix8j6'}, 'href': 'https://api.spotify.com/v1/artists/7bcbShaqKdcyjnmv4Ix8j6', 'id': '7bcbShaqKdcyjnmv4Ix8j6', 'name': 'St. Vincent', 'type': 'artist', 'uri': 'spotify:artist:7bcbShaqKdcyjnmv4Ix8j6'}], 'external_urls': {'spotify': 'https://open.spotify.com/album/3nRlJXz5W39luXRto5hc4f'}, 'href': 'https://api.spotify.com/v1/albums/3nRlJXz5W39luXRto5hc4f', 'id': '3nRlJXz5W39luXRto5hc4f', 'images': [{'url': 'https://i.scdn.co/image/ab67616d0000b273902e9fffc3787dd4fe7678e7', 'width': 640, 'height': 640}, {'url': 'https://i.scdn.co/image/ab67616d00001e02902e9fffc3787dd4fe7678e7', 'width': 300, 'height': 300}, {'url': 'https://i.scdn.co/image/ab67616d00004851902e9fffc3787dd4fe7678e7', 'width': 64, 'height': 64}], 'is_playable': True, 'name': 'All Born Screaming', 'release_date': '2024-04-26', 'release_date_precision': 'day', 'total_tracks': 10, 'type': 'album', 'uri': 'spotify:album:3nRlJXz5W39luXRto5hc4f'}","[{'external_urls': {'spotify': 'https://open.spotify.com/artist/7bcbShaqKdcyjnmv4Ix8j6'}, 'href': 'https://api.spotify.com/v1/artists/7bcbShaqKdcyjnmv4Ix8j6', 'id': '7bcbShaqKdcyjnmv4Ix8j6', 'name': 'St. Vincent', 'type': 'artist', 'uri': 'spotify:artist:7bcbShaqKdcyjnmv4Ix8j6'}]",1,278272,False,{'isrc': 'USA2P2401580'},{'spotify': 'https://open.spotify.com/track/3LLpaB6tOUeSZRAkHBUEPU'},https://api.spotify.com/v1/tracks/3LLpaB6tOUeSZRAkHBUEPU,False,True,The Power's Out,39,https://p.scdn.co/mp3-preview/dbf8e63c907a16d129867a56f03a0ba45bb29757?cid=33d8deeef1ab45eab51ced741d6bf2f4,7,track,spotify:track:3LLpaB6tOUeSZRAkHBUEPU,St. Vincent: All Born Screaming
7,0.631,0.763,5,-8.167,0,0.0349,0.242,0.443,0.0981,0.467,112.007,audio_features,3IW8BlrMcCCy5JAiL6GmQ3,spotify:track:3IW8BlrMcCCy5JAiL6GmQ3,https://api.spotify.com/v1/tracks/3IW8BlrMcCCy5JAiL6GmQ3,https://api.spotify.com/v1/audio-analysis/3IW8BlrMcCCy5JAiL6GmQ3,235488,4,"{'album_type': 'album', 'artists': [{'external_urls': {'spotify': 'https://open.spotify.com/artist/7bcbShaqKdcyjnmv4Ix8j6'}, 'href': 'https://api.spotify.com/v1/artists/7bcbShaqKdcyjnmv4Ix8j6', 'id': '7bcbShaqKdcyjnmv4Ix8j6', 'name': 'St. Vincent', 'type': 'artist', 'uri': 'spotify:artist:7bcbShaqKdcyjnmv4Ix8j6'}], 'external_urls': {'spotify': 'https://open.spotify.com/album/3nRlJXz5W39luXRto5hc4f'}, 'href': 'https://api.spotify.com/v1/albums/3nRlJXz5W39luXRto5hc4f', 'id': '3nRlJXz5W39luXRto5hc4f', 'images': [{'url': 'https://i.scdn.co/image/ab67616d0000b273902e9fffc3787dd4fe7678e7', 'width': 640, 'height': 640}, {'url': 'https://i.scdn.co/image/ab67616d00001e02902e9fffc3787dd4fe7678e7', 'width': 300, 'height': 300}, {'url': 'https://i.scdn.co/image/ab67616d00004851902e9fffc3787dd4fe7678e7', 'width': 64, 'height': 64}], 'is_playable': True, 'name': 'All Born Screaming', 'release_date': '2024-04-26', 'release_date_precision': 'day', 'total_tracks': 10, 'type': 'album', 'uri': 'spotify:album:3nRlJXz5W39luXRto5hc4f'}","[{'external_urls': {'spotify': 'https://open.spotify.com/artist/7bcbShaqKdcyjnmv4Ix8j6'}, 'href': 'https://api.spotify.com/v1/artists/7bcbShaqKdcyjnmv4Ix8j6', 'id': '7bcbShaqKdcyjnmv4Ix8j6', 'name': 'St. Vincent', 'type': 'artist', 'uri': 'spotify:artist:7bcbShaqKdcyjnmv4Ix8j6'}]",1,235488,False,{'isrc': 'USA2P2401581'},{'spotify': 'https://open.spotify.com/track/3IW8BlrMcCCy5JAiL6GmQ3'},https://api.spotify.com/v1/tracks/3IW8BlrMcCCy5JAiL6GmQ3,False,True,Sweetest Fruit,42,https://p.scdn.co/mp3-preview/e11864010774b101f751d1d0188b66e095c74d17?cid=33d8deeef1ab45eab51ced741d6bf2f4,8,track,spotify:track:3IW8BlrMcCCy5JAiL6GmQ3,St. Vincent: All Born Screaming
8,0.6,0.736,10,-5.268,0,0.0249,0.0122,9.11e-05,0.0837,0.58,98.035,audio_features,0wOn9dfWEuILjkjmpkrmDk,spotify:track:0wOn9dfWEuILjkjmpkrmDk,https://api.spotify.com/v1/tracks/0wOn9dfWEuILjkjmpkrmDk,https://api.spotify.com/v1/audio-analysis/0wOn9dfWEuILjkjmpkrmDk,215123,4,"{'album_type': 'album', 'artists': [{'external_urls': {'spotify': 'https://open.spotify.com/artist/7bcbShaqKdcyjnmv4Ix8j6'}, 'href': 'https://api.spotify.com/v1/artists/7bcbShaqKdcyjnmv4Ix8j6', 'id': '7bcbShaqKdcyjnmv4Ix8j6', 'name': 'St. Vincent', 'type': 'artist', 'uri': 'spotify:artist:7bcbShaqKdcyjnmv4Ix8j6'}], 'external_urls': {'spotify': 'https://open.spotify.com/album/3nRlJXz5W39luXRto5hc4f'}, 'href': 'https://api.spotify.com/v1/albums/3nRlJXz5W39luXRto5hc4f', 'id': '3nRlJXz5W39luXRto5hc4f', 'images': [{'url': 'https://i.scdn.co/image/ab67616d0000b273902e9fffc3787dd4fe7678e7', 'width': 640, 'height': 640}, {'url': 'https://i.scdn.co/image/ab67616d00001e02902e9fffc3787dd4fe7678e7', 'width': 300, 'height': 300}, {'url': 'https://i.scdn.co/image/ab67616d00004851902e9fffc3787dd4fe7678e7', 'width': 64, 'height': 64}], 'is_playable': True, 'name': 'All Born Screaming', 'release_date': '2024-04-26', 'release_date_precision': 'day', 'total_tracks': 10, 'type': 'album', 'uri': 'spotify:album:3nRlJXz5W39luXRto5hc4f'}","[{'external_urls': {'spotify': 'https://open.spotify.com/artist/7bcbShaqKdcyjnmv4Ix8j6'}, 'href': 'https://api.spotify.com/v1/artists/7bcbShaqKdcyjnmv4Ix8j6', 'id': '7bcbShaqKdcyjnmv4Ix8j6', 'name': 'St. Vincent', 'type': 'artist', 'uri': 'spotify:artist:7bcbShaqKdcyjnmv4Ix8j6'}]",1,215122,False,{'isrc': 'USA2P2401582'},{'spotify': 'https://open.spotify.com/track/0wOn9dfWEuILjkjmpkrmDk'},https://api.spotify.com/v1/tracks/0wOn9dfWEuILjkjmpkrmDk,False,True,So Many Planets,38,https://p.scdn.co/mp3-preview/f176516025cd0f1719846c5d8f11fe18825872d9?cid=33d8deeef1ab45eab51ced741d6bf2f4,9,track,spotify:track:0wOn9dfWEuILjkjmpkrmDk,St. Vincent: All Born Screaming
9,0.601,0.673,7,-8.539,1,0.0522,0.0827,0.287,0.27,0.212,87.431,audio_features,0PQTcY3pZ09Mln2G2oUjX5,spotify:track:0PQTcY3pZ09Mln2G2oUjX5,https://api.spotify.com/v1/tracks/0PQTcY3pZ09Mln2G2oUjX5,https://api.spotify.com/v1/audio-analysis/0PQTcY3pZ09Mln2G2oUjX5,415397,4,"{'album_type': 'album', 'artists': [{'external_urls': {'spotify': 'https://open.spotify.com/artist/7bcbShaqKdcyjnmv4Ix8j6'}, 'href': 'https://api.spotify.com/v1/artists/7bcbShaqKdcyjnmv4Ix8j6', 'id': '7bcbShaqKdcyjnmv4Ix8j6', 'name': 'St. Vincent', 'type': 'artist', 'uri': 'spotify:artist:7bcbShaqKdcyjnmv4Ix8j6'}], 'external_urls': {'spotify': 'https://open.spotify.com/album/3nRlJXz5W39luXRto5hc4f'}, 'href': 'https://api.spotify.com/v1/albums/3nRlJXz5W39luXRto5hc4f', 'id': '3nRlJXz5W39luXRto5hc4f', 'images': [{'url': 'https://i.scdn.co/image/ab67616d0000b273902e9fffc3787dd4fe7678e7', 'width': 640, 'height': 640}, {'url': 'https://i.scdn.co/image/ab67616d00001e02902e9fffc3787dd4fe7678e7', 'width': 300, 'height': 300}, {'url': 'https://i.scdn.co/image/ab67616d00004851902e9fffc3787dd4fe7678e7', 'width': 64, 'height': 64}], 'is_playable': True, 'name': 'All Born Screaming', 'release_date': '2024-04-26', 'release_date_precision': 'day', 'total_tracks': 10, 'type': 'album', 'uri': 'spotify:album:3nRlJXz5W39luXRto5hc4f'}","[{'external_urls': {'spotify': 'https://open.spotify.com/artist/7bcbShaqKdcyjnmv4Ix8j6'}, 'href': 'https://api.spotify.com/v1/artists/7bcbShaqKdcyjnmv4Ix8j6', 'id': '7bcbShaqKdcyjnmv4Ix8j6', 'name': 'St. Vincent', 'type': 'artist', 'uri': 'spotify:artist:7bcbShaqKdcyjnmv4Ix8j6'}, {'external_urls': {'spotify': 'https://open.spotify.com/artist/0LZac5VicY19QLaIUvIB0G'}, 'href': 'https://api.spotify.com/v1/artists/0LZac5VicY19QLaIUvIB0G', 'id': '0LZac5VicY19QLaIUvIB0G', 'name': 'Cate Le Bon', 'type': 'artist', 'uri': 'spotify:artist:0LZac5VicY19QLaIUvIB0G'}]",1,415396,False,{'isrc': 'USA2P2401583'},{'spotify': 'https://open.spotify.com/track/0PQTcY3pZ09Mln2G2oUjX5'},https://api.spotify.com/v1/tracks/0PQTcY3pZ09Mln2G2oUjX5,False,True,All Born Screaming,39,https://p.scdn.co/mp3-preview/f3acfa0f749f96e81e645748c0d7f2aad0eda116?cid=33d8deeef1ab45eab51ced741d6bf2f4,10,track,spotify:track:0PQTcY3pZ09Mln2G2oUjX5,St. Vincent: All Born Screaming
0,0.408,0.928,6,-5.208,0,0.0568,6.64e-06,0.748,0.378,0.687,161.023,audio_features,771xIRZvmPNPNw8CP82WJV,spotify:track:771xIRZvmPNPNw8CP82WJV,https://api.spotify.com/v1/tracks/771xIRZvmPNPNw8CP82WJV,https://api.spotify.com/v1/audio-analysis/771xIRZvmPNPNw8CP82WJV,182162,4,"{'album_type': 'album', 'artists': [{'external_urls': {'spotify': 'https://open.spotify.com/artist/1l9d7B8W0IHy3LqWsxP2SH'}, 'href': 'https://api.spotify.com/v1/artists/1l9d7B8W0IHy3LqWsxP2SH', 'id': '1l9d7B8W0IHy3LqWsxP2SH', 'name': 'Phantogram', 'type': 'artist', 'uri': 'spotify:artist:1l9d7B8W0IHy3LqWsxP2SH'}], 'external_urls': {'spotify': 'https://open.spotify.com/album/4H1TE5m2eltLhVKVuB53b1'}, 'href': 'https://api.spotify.com/v1/albums/4H1TE5m2eltLhVKVuB53b1', 'id': '4H1TE5m2eltLhVKVuB53b1', 'images': [{'url': 'https://i.scdn.co/image/ab67616d0000b273ff677a5438b6227cdcc2a49b', 'width': 640, 'height': 640}, {'url': 'https://i.scdn.co/image/ab67616d00001e02ff677a5438b6227cdcc2a49b', 'width': 300, 'height': 300}, {'url': 'https://i.scdn.co/image/ab67616d00004851ff677a5438b6227cdcc2a49b', 'width': 64, 'height': 64}], 'is_playable': True, 'name': 'Memory Of A Day', 'release_date': '2024-10-18', 'release_date_precision': 'day', 'total_tracks': 12, 'type': 'album', 'uri': 'spotify:album:4H1TE5m2eltLhVKVuB53b1'}","[{'external_urls': {'spotify': 'https://open.spotify.com/artist/1l9d7B8W0IHy3LqWsxP2SH'}, 'href': 'https://api.spotify.com/v1/artists/1l9d7B8W0IHy3LqWsxP2SH', 'id': '1l9d7B8W0IHy3LqWsxP2SH', 'name': 'Phantogram', 'type': 'artist', 'uri': 'spotify:artist:1l9d7B8W0IHy3LqWsxP2SH'}]",1,182161,False,{'isrc': 'USA2P2454660'},{'spotify': 'https://open.spotify.com/track/771xIRZvmPNPNw8CP82WJV'},https://api.spotify.com/v1/tracks/771xIRZvmPNPNw8CP82WJV,False,True,Jealousy,45,https://p.scdn.co/mp3-preview/b5bcfbbbf2df937f8ffdf8794a61b790734a5168?cid=33d8deeef1ab45eab51ced741d6bf2f4,1,track,spotify:track:771xIRZvmPNPNw8CP82WJV,Phantogram: Memory of A Day
1,0.503,0.757,0,-6.163,1,0.0521,0.00724,3.13e-05,0.105,0.553,171.974,audio_features,4n5XUSgVUxqrYal63OtU6w,spotify:track:4n5XUSgVUxqrYal63OtU6w,https://api.spotify.com/v1/tracks/4n5XUSgVUxqrYal63OtU6w,https://api.spotify.com/v1/audio-analysis/4n5XUSgVUxqrYal63OtU6w,190825,4,"{'album_type': 'album', 'artists': [{'external_urls': {'spotify': 'https://open.spotify.com/artist/1l9d7B8W0IHy3LqWsxP2SH'}, 'href': 'https://api.spotify.com/v1/artists/1l9d7B8W0IHy3LqWsxP2SH', 'id': '1l9d7B8W0IHy3LqWsxP2SH', 'name': 'Phantogram', 'type': 'artist', 'uri': 'spotify:artist:1l9d7B8W0IHy3LqWsxP2SH'}], 'external_urls': {'spotify': 'https://open.spotify.com/album/4H1TE5m2eltLhVKVuB53b1'}, 'href': 'https://api.spotify.com/v1/albums/4H1TE5m2eltLhVKVuB53b1', 'id': '4H1TE5m2eltLhVKVuB53b1', 'images': [{'url': 'https://i.scdn.co/image/ab67616d0000b273ff677a5438b6227cdcc2a49b', 'width': 640, 'height': 640}, {'url': 'https://i.scdn.co/image/ab67616d00001e02ff677a5438b6227cdcc2a49b', 'width': 300, 'height': 300}, {'url': 'https://i.scdn.co/image/ab67616d00004851ff677a5438b6227cdcc2a49b', 'width': 64, 'height': 64}], 'is_playable': True, 'name': 'Memory Of A Day', 'release_date': '2024-10-18', 'release_date_precision': 'day', 'total_tracks': 12, 'type': 'album', 'uri': 'spotify:album:4H1TE5m2eltLhVKVuB53b1'}","[{'external_urls': {'spotify': 'https://open.spotify.com/artist/1l9d7B8W0IHy3LqWsxP2SH'}, 'href': 'https://api.spotify.com/v1/artists/1l9d7B8W0IHy3LqWsxP2SH', 'id': '1l9d7B8W0IHy3LqWsxP2SH', 'name': 'Phantogram', 'type': 'artist', 'uri': 'spotify:artist:1l9d7B8W0IHy3LqWsxP2SH'}]",1,190824,False,{'isrc': 'USA2P2454668'},{'spotify': 'https://open.spotify.com/track/4n5XUSgVUxqrYal63OtU6w'},https://api.spotify.com/v1/tracks/4n5XUSgVUxqrYal63OtU6w,False,True,It Wasn't Meant To Be,45,https://p.scdn.co/mp3-preview/cc7a4434b0549488c4b15a07f29f7a24b36f0b7b?cid=33d8deeef1ab45eab51ced741d6bf2f4,2,track,spotify:track:4n5XUSgVUxqrYal63OtU6w,Phantogram: Memory of A Day
2,0.293,0.664,2,-6.427,1,0.0309,0.00259,0.00595,0.126,0.233,203.959,audio_features,41wI0OQ8RR6vt49ovhvYlh,spotify:track:41wI0OQ8RR6vt49ovhvYlh,https://api.spotify.com/v1/tracks/41wI0OQ8RR6vt49ovhvYlh,https://api.spotify.com/v1/audio-analysis/41wI0OQ8RR6vt49ovhvYlh,189053,3,"{'album_type': 'album', 'artists': [{'external_urls': {'spotify': 'https://open.spotify.com/artist/1l9d7B8W0IHy3LqWsxP2SH'}, 'href': 'https://api.spotify.com/v1/artists/1l9d7B8W0IHy3LqWsxP2SH', 'id': '1l9d7B8W0IHy3LqWsxP2SH', 'name': 'Phantogram', 'type': 'artist', 'uri': 'spotify:artist:1l9d7B8W0IHy3LqWsxP2SH'}], 'external_urls': {'spotify': 'https://open.spotify.com/album/4H1TE5m2eltLhVKVuB53b1'}, 'href': 'https://api.spotify.com/v1/albums/4H1TE5m2eltLhVKVuB53b1', 'id': '4H1TE5m2eltLhVKVuB53b1', 'images': [{'url': 'https://i.scdn.co/image/ab67616d0000b273ff677a5438b6227cdcc2a49b', 'width': 640, 'height': 640}, {'url': 'https://i.scdn.co/image/ab67616d00001e02ff677a5438b6227cdcc2a49b', 'width': 300, 'height': 300}, {'url': 'https://i.scdn.co/image/ab67616d00004851ff677a5438b6227cdcc2a49b', 'width': 64, 'height': 64}], 'is_playable': True, 'name': 'Memory Of A Day', 'release_date': '2024-10-18', 'release_date_precision': 'day', 'total_tracks': 12, 'type': 'album', 'uri': 'spotify:album:4H1TE5m2eltLhVKVuB53b1'}","[{'external_urls': {'spotify': 'https://open.spotify.com/artist/1l9d7B8W0IHy3LqWsxP2SH'}, 'href': 'https://api.spotify.com/v1/artists/1l9d7B8W0IHy3LqWsxP2SH', 'id': '1l9d7B8W0IHy3LqWsxP2SH', 'name': 'Phantogram', 'type': 'artist', 'uri': 'spotify:artist:1l9d7B8W0IHy3LqWsxP2SH'}]",1,189053,False,{'isrc': 'USA2P2423117'},{'spotify': 'https://open.spotify.com/track/41wI0OQ8RR6vt49ovhvYlh'},https://api.spotify.com/v1/tracks/41wI0OQ8RR6vt49ovhvYlh,False,True,All A Mystery,43,https://p.scdn.co/mp3-preview/435f3a43e82c2ec224ca2079a18a2fa084f91f62?cid=33d8deeef1ab45eab51ced741d6bf2f4,3,track,spotify:track:41wI0OQ8RR6vt49ovhvYlh,Phantogram: Memory of A Day
3,0.688,0.793,2,-5.031,1,0.0392,0.000374,0.296,0.168,0.342,123.975,audio_features,6RfwrOw7D1lCVpbHZjeD6O,spotify:track:6RfwrOw7D1lCVpbHZjeD6O,https://api.spotify.com/v1/tracks/6RfwrOw7D1lCVpbHZjeD6O,https://api.spotify.com/v1/audio-analysis/6RfwrOw7D1lCVpbHZjeD6O,181171,4,"{'album_type': 'album', 'artists': [{'external_urls': {'spotify': 'https://open.spotify.com/artist/1l9d7B8W0IHy3LqWsxP2SH'}, 'href': 'https://api.spotify.com/v1/artists/1l9d7B8W0IHy3LqWsxP2SH', 'id': '1l9d7B8W0IHy3LqWsxP2SH', 'name': 'Phantogram', 'type': 'artist', 'uri': 'spotify:artist:1l9d7B8W0IHy3LqWsxP2SH'}], 'external_urls': {'spotify': 'https://open.spotify.com/album/4H1TE5m2eltLhVKVuB53b1'}, 'href': 'https://api.spotify.com/v1/albums/4H1TE5m2eltLhVKVuB53b1', 'id': '4H1TE5m2eltLhVKVuB53b1', 'images': [{'url': 'https://i.scdn.co/image/ab67616d0000b273ff677a5438b6227cdcc2a49b', 'width': 640, 'height': 640}, {'url': 'https://i.scdn.co/image/ab67616d00001e02ff677a5438b6227cdcc2a49b', 'width': 300, 'height': 300}, {'url': 'https://i.scdn.co/image/ab67616d00004851ff677a5438b6227cdcc2a49b', 'width': 64, 'height': 64}], 'is_playable': True, 'name': 'Memory Of A Day', 'release_date': '2024-10-18', 'release_date_precision': 'day', 'total_tracks': 12, 'type': 'album', 'uri': 'spotify:album:4H1TE5m2eltLhVKVuB53b1'}","[{'external_urls': {'spotify': 'https://open.spotify.com/artist/1l9d7B8W0IHy3LqWsxP2SH'}, 'href': 'https://api.spotify.com/v1/artists/1l9d7B8W0IHy3LqWsxP2SH', 'id': '1l9d7B8W0IHy3LqWsxP2SH', 'name': 'Phantogram', 'type': 'artist', 'uri': 'spotify:artist:1l9d7B8W0IHy3LqWsxP2SH'}]",1,181170,False,{'isrc': 'USA2P2454661'},{'spotify': 'https://open.spotify.com/track/6RfwrOw7D1lCVpbHZjeD6O'},https://api.spotify.com/v1/tracks/6RfwrOw7D1lCVpbHZjeD6O,False,True,Feedback Invisible,43,https://p.scdn.co/mp3-preview/d42dfd6125fc812a6b502f03bfb4ae2c332348be?cid=33d8deeef1ab45eab51ced741d6bf2f4,4,track,spotify:track:6RfwrOw7D1lCVpbHZjeD6O,Phantogram: Memory of A Day
4,0.52,0.782,5,-8.134,0,0.0457,0.00107,0.314,0.113,0.166,112.004,audio_features,3HErXAS9DiVd8C9x6CJTYd,spotify:track:3HErXAS9DiVd8C9x6CJTYd,https://api.spotify.com/v1/tracks/3HErXAS9DiVd8C9x6CJTYd,https://api.spotify.com/v1/audio-analysis/3HErXAS9DiVd8C9x6CJTYd,240763,3,"{'album_type': 'album', 'artists': [{'external_urls': {'spotify': 'https://open.spotify.com/artist/1l9d7B8W0IHy3LqWsxP2SH'}, 'href': 'https://api.spotify.com/v1/artists/1l9d7B8W0IHy3LqWsxP2SH', 'id': '1l9d7B8W0IHy3LqWsxP2SH', 'name': 'Phantogram', 'type': 'artist', 'uri': 'spotify:artist:1l9d7B8W0IHy3LqWsxP2SH'}], 'external_urls': {'spotify': 'https://open.spotify.com/album/4H1TE5m2eltLhVKVuB53b1'}, 'href': 'https://api.spotify.com/v1/albums/4H1TE5m2eltLhVKVuB53b1', 'id': '4H1TE5m2eltLhVKVuB53b1', 'images': [{'url': 'https://i.scdn.co/image/ab67616d0000b273ff677a5438b6227cdcc2a49b', 'width': 640, 'height': 640}, {'url': 'https://i.scdn.co/image/ab67616d00001e02ff677a5438b6227cdcc2a49b', 'width': 300, 'height': 300}, {'url': 'https://i.scdn.co/image/ab67616d00004851ff677a5438b6227cdcc2a49b', 'width': 64, 'height': 64}], 'is_playable': True, 'name': 'Memory Of A Day', 'release_date': '2024-10-18', 'release_date_precision': 'day', 'total_tracks': 12, 'type': 'album', 'uri': 'spotify:album:4H1TE5m2eltLhVKVuB53b1'}","[{'external_urls': {'spotify': 'https://open.spotify.com/artist/1l9d7B8W0IHy3LqWsxP2SH'}, 'href': 'https://api.spotify.com/v1/artists/1l9d7B8W0IHy3LqWsxP2SH', 'id': '1l9d7B8W0IHy3LqWsxP2SH', 'name': 'Phantogram', 'type': 'artist', 'uri': 'spotify:artist:1l9d7B8W0IHy3LqWsxP2SH'}]",1,240763,False,{'isrc': 'USA2P2454662'},{'spotify': 'https://open.spotify.com/track/3HErXAS9DiVd8C9x6CJTYd'},https://api.spotify.com/v1/tracks/3HErXAS9DiVd8C9x6CJTYd,False,True,Attaway,51,https://p.scdn.co/mp3-preview/0e105af838e47fd3392674162d84a4e61819754b?cid=33d8deeef1ab45eab51ced741d6bf2f4,5,track,spotify:track:3HErXAS9DiVd8C9x6CJTYd,Phantogram: Memory of A Day
5,0.582,0.743,2,-6.728,1,0.0443,0.00032,0.278,0.0874,0.698,100.518,audio_features,7EdZILPuMLvh1zy0HhCV5p,spotify:track:7EdZILPuMLvh1zy0HhCV5p,https://api.spotify.com/v1/tracks/7EdZILPuMLvh1zy0HhCV5p,https://api.spotify.com/v1/audio-analysis/7EdZILPuMLvh1zy0HhCV5p,216197,4,"{'album_type': 'album', 'artists': [{'external_urls': {'spotify': 'https://open.spotify.com/artist/1l9d7B8W0IHy3LqWsxP2SH'}, 'href': 'https://api.spotify.com/v1/artists/1l9d7B8W0IHy3LqWsxP2SH', 'id': '1l9d7B8W0IHy3LqWsxP2SH', 'name': 'Phantogram', 'type': 'artist', 'uri': 'spotify:artist:1l9d7B8W0IHy3LqWsxP2SH'}], 'external_urls': {'spotify': 'https://open.spotify.com/album/4H1TE5m2eltLhVKVuB53b1'}, 'href': 'https://api.spotify.com/v1/albums/4H1TE5m2eltLhVKVuB53b1', 'id': '4H1TE5m2eltLhVKVuB53b1', 'images': [{'url': 'https://i.scdn.co/image/ab67616d0000b273ff677a5438b6227cdcc2a49b', 'width': 640, 'height': 640}, {'url': 'https://i.scdn.co/image/ab67616d00001e02ff677a5438b6227cdcc2a49b', 'width': 300, 'height': 300}, {'url': 'https://i.scdn.co/image/ab67616d00004851ff677a5438b6227cdcc2a49b', 'width': 64, 'height': 64}], 'is_playable': True, 'name': 'Memory Of A Day', 'release_date': '2024-10-18', 'release_date_precision': 'day', 'total_tracks': 12, 'type': 'album', 'uri': 'spotify:album:4H1TE5m2eltLhVKVuB53b1'}","[{'external_urls': {'spotify': 'https://open.spotify.com/artist/1l9d7B8W0IHy3LqWsxP2SH'}, 'href': 'https://api.spotify.com/v1/artists/1l9d7B8W0IHy3LqWsxP2SH', 'id': '1l9d7B8W0IHy3LqWsxP2SH', 'name': 'Phantogram', 'type': 'artist', 'uri': 'spotify:artist:1l9d7B8W0IHy3LqWsxP2SH'}]",1,216197,False,{'isrc': 'USA2P2454663'},{'spotify': 'https://open.spotify.com/track/7EdZILPuMLvh1zy0HhCV5p'},https://api.spotify.com/v1/tracks/7EdZILPuMLvh1zy0HhCV5p,False,True,Running Through Colors,43,https://p.scdn.co/mp3-preview/6b349c3eb3d9d87f4f212f1cbb4819d8bc0c8c22?cid=33d8deeef1ab45eab51ced741d6bf2f4,6,track,spotify:track:7EdZILPuMLvh1zy0HhCV5p,Phantogram: Memory of A Day
6,0.52,0.464,7,-6.578,1,0.0264,0.0183,0.778,0.383,0.176,90.001,audio_features,4MlOOgqtrMZ50OmgeodZfZ,spotify:track:4MlOOgqtrMZ50OmgeodZfZ,https://api.spotify.com/v1/tracks/4MlOOgqtrMZ50OmgeodZfZ,https://api.spotify.com/v1/audio-analysis/4MlOOgqtrMZ50OmgeodZfZ,242829,4,"{'album_type': 'album', 'artists': [{'external_urls': {'spotify': 'https://open.spotify.com/artist/1l9d7B8W0IHy3LqWsxP2SH'}, 'href': 'https://api.spotify.com/v1/artists/1l9d7B8W0IHy3LqWsxP2SH', 'id': '1l9d7B8W0IHy3LqWsxP2SH', 'name': 'Phantogram', 'type': 'artist', 'uri': 'spotify:artist:1l9d7B8W0IHy3LqWsxP2SH'}], 'external_urls': {'spotify': 'https://open.spotify.com/album/4H1TE5m2eltLhVKVuB53b1'}, 'href': 'https://api.spotify.com/v1/albums/4H1TE5m2eltLhVKVuB53b1', 'id': '4H1TE5m2eltLhVKVuB53b1', 'images': [{'url': 'https://i.scdn.co/image/ab67616d0000b273ff677a5438b6227cdcc2a49b', 'width': 640, 'height': 640}, {'url': 'https://i.scdn.co/image/ab67616d00001e02ff677a5438b6227cdcc2a49b', 'width': 300, 'height': 300}, {'url': 'https://i.scdn.co/image/ab67616d00004851ff677a5438b6227cdcc2a49b', 'width': 64, 'height': 64}], 'is_playable': True, 'name': 'Memory Of A Day', 'release_date': '2024-10-18', 'release_date_precision': 'day', 'total_tracks': 12, 'type': 'album', 'uri': 'spotify:album:4H1TE5m2eltLhVKVuB53b1'}","[{'external_urls': {'spotify': 'https://open.spotify.com/artist/1l9d7B8W0IHy3LqWsxP2SH'}, 'href': 'https://api.spotify.com/v1/artists/1l9d7B8W0IHy3LqWsxP2SH', 'id': '1l9d7B8W0IHy3LqWsxP2SH', 'name': 'Phantogram', 'type': 'artist', 'uri': 'spotify:artist:1l9d7B8W0IHy3LqWsxP2SH'}]",1,242828,False,{'isrc': 'USA2P2454664'},{'spotify': 'https://open.spotify.com/track/4MlOOgqtrMZ50OmgeodZfZ'},https://api.spotify.com/v1/tracks/4MlOOgqtrMZ50OmgeodZfZ,False,True,I Wanna Know,42,https://p.scdn.co/mp3-preview/f816d89223833acbc2cff500930fd7219e001f4c?cid=33d8deeef1ab45eab51ced741d6bf2f4,7,track,spotify:track:4MlOOgqtrMZ50OmgeodZfZ,Phantogram: Memory of A Day
7,0.496,0.676,0,-7.44,1,0.0332,0.000357,0.141,0.12,0.137,115.987,audio_features,2FPZFg04VyVdHx6UsDJUrt,spotify:track:2FPZFg04VyVdHx6UsDJUrt,https://api.spotify.com/v1/tracks/2FPZFg04VyVdHx6UsDJUrt,https://api.spotify.com/v1/audio-analysis/2FPZFg04VyVdHx6UsDJUrt,242545,4,"{'album_type': 'album', 'artists': [{'external_urls': {'spotify': 'https://open.spotify.com/artist/1l9d7B8W0IHy3LqWsxP2SH'}, 'href': 'https://api.spotify.com/v1/artists/1l9d7B8W0IHy3LqWsxP2SH', 'id': '1l9d7B8W0IHy3LqWsxP2SH', 'name': 'Phantogram', 'type': 'artist', 'uri': 'spotify:artist:1l9d7B8W0IHy3LqWsxP2SH'}], 'external_urls': {'spotify': 'https://open.spotify.com/album/4H1TE5m2eltLhVKVuB53b1'}, 'href': 'https://api.spotify.com/v1/albums/4H1TE5m2eltLhVKVuB53b1', 'id': '4H1TE5m2eltLhVKVuB53b1', 'images': [{'url': 'https://i.scdn.co/image/ab67616d0000b273ff677a5438b6227cdcc2a49b', 'width': 640, 'height': 640}, {'url': 'https://i.scdn.co/image/ab67616d00001e02ff677a5438b6227cdcc2a49b', 'width': 300, 'height': 300}, {'url': 'https://i.scdn.co/image/ab67616d00004851ff677a5438b6227cdcc2a49b', 'width': 64, 'height': 64}], 'is_playable': True, 'name': 'Memory Of A Day', 'release_date': '2024-10-18', 'release_date_precision': 'day', 'total_tracks': 12, 'type': 'album', 'uri': 'spotify:album:4H1TE5m2eltLhVKVuB53b1'}","[{'external_urls': {'spotify': 'https://open.spotify.com/artist/1l9d7B8W0IHy3LqWsxP2SH'}, 'href': 'https://api.spotify.com/v1/artists/1l9d7B8W0IHy3LqWsxP2SH', 'id': '1l9d7B8W0IHy3LqWsxP2SH', 'name': 'Phantogram', 'type': 'artist', 'uri': 'spotify:artist:1l9d7B8W0IHy3LqWsxP2SH'}]",1,242545,False,{'isrc': 'USA2P2454665'},{'spotify': 'https://open.spotify.com/track/2FPZFg04VyVdHx6UsDJUrt'},https://api.spotify.com/v1/tracks/2FPZFg04VyVdHx6UsDJUrt,False,True,Ashes,41,https://p.scdn.co/mp3-preview/2205bb244cbb7600266951dd61b53c7cedafcdd5?cid=33d8deeef1ab45eab51ced741d6bf2f4,8,track,spotify:track:2FPZFg04VyVdHx6UsDJUrt,Phantogram: Memory of A Day
8,0.502,0.808,2,-5.494,0,0.0316,0.000925,0.0612,0.114,0.431,163.95,audio_features,1p9pkUjr2UsP7G6wpr3dvJ,spotify:track:1p9pkUjr2UsP7G6wpr3dvJ,https://api.spotify.com/v1/tracks/1p9pkUjr2UsP7G6wpr3dvJ,https://api.spotify.com/v1/audio-analysis/1p9pkUjr2UsP7G6wpr3dvJ,253698,4,"{'album_type': 'album', 'artists': [{'external_urls': {'spotify': 'https://open.spotify.com/artist/1l9d7B8W0IHy3LqWsxP2SH'}, 'href': 'https://api.spotify.com/v1/artists/1l9d7B8W0IHy3LqWsxP2SH', 'id': '1l9d7B8W0IHy3LqWsxP2SH', 'name': 'Phantogram', 'type': 'artist', 'uri': 'spotify:artist:1l9d7B8W0IHy3LqWsxP2SH'}], 'external_urls': {'spotify': 'https://open.spotify.com/album/4H1TE5m2eltLhVKVuB53b1'}, 'href': 'https://api.spotify.com/v1/albums/4H1TE5m2eltLhVKVuB53b1', 'id': '4H1TE5m2eltLhVKVuB53b1', 'images': [{'url': 'https://i.scdn.co/image/ab67616d0000b273ff677a5438b6227cdcc2a49b', 'width': 640, 'height': 640}, {'url': 'https://i.scdn.co/image/ab67616d00001e02ff677a5438b6227cdcc2a49b', 'width': 300, 'height': 300}, {'url': 'https://i.scdn.co/image/ab67616d00004851ff677a5438b6227cdcc2a49b', 'width': 64, 'height': 64}], 'is_playable': True, 'name': 'Memory Of A Day', 'release_date': '2024-10-18', 'release_date_precision': 'day', 'total_tracks': 12, 'type': 'album', 'uri': 'spotify:album:4H1TE5m2eltLhVKVuB53b1'}","[{'external_urls': {'spotify': 'https://open.spotify.com/artist/1l9d7B8W0IHy3LqWsxP2SH'}, 'href': 'https://api.spotify.com/v1/artists/1l9d7B8W0IHy3LqWsxP2SH', 'id': '1l9d7B8W0IHy3LqWsxP2SH', 'name': 'Phantogram', 'type': 'artist', 'uri': 'spotify:artist:1l9d7B8W0IHy3LqWsxP2SH'}]",1,253698,False,{'isrc': 'USA2P2450378'},{'spotify': 'https://open.spotify.com/track/1p9pkUjr2UsP7G6wpr3dvJ'},https://api.spotify.com/v1/tracks/1p9pkUjr2UsP7G6wpr3dvJ,False,True,Come Alive,43,https://p.scdn.co/mp3-preview/9f0d16d282337fad360ce540e202ee7fdaed14c2?cid=33d8deeef1ab45eab51ced741d6bf2f4,9,track,spotify:track:1p9pkUjr2UsP7G6wpr3dvJ,Phantogram: Memory of A Day
9,0.445,0.754,4,-5.052,0,0.0463,0.000529,0.416,0.164,0.195,148.033,audio_features,4xeMNXaEBLG4hxxNI9Lm8t,spotify:track:4xeMNXaEBLG4hxxNI9Lm8t,https://api.spotify.com/v1/tracks/4xeMNXaEBLG4hxxNI9Lm8t,https://api.spotify.com/v1/audio-analysis/4xeMNXaEBLG4hxxNI9Lm8t,254947,4,"{'album_type': 'album', 'artists': [{'external_urls': {'spotify': 'https://open.spotify.com/artist/1l9d7B8W0IHy3LqWsxP2SH'}, 'href': 'https://api.spotify.com/v1/artists/1l9d7B8W0IHy3LqWsxP2SH', 'id': '1l9d7B8W0IHy3LqWsxP2SH', 'name': 'Phantogram', 'type': 'artist', 'uri': 'spotify:artist:1l9d7B8W0IHy3LqWsxP2SH'}], 'external_urls': {'spotify': 'https://open.spotify.com/album/4H1TE5m2eltLhVKVuB53b1'}, 'href': 'https://api.spotify.com/v1/albums/4H1TE5m2eltLhVKVuB53b1', 'id': '4H1TE5m2eltLhVKVuB53b1', 'images': [{'url': 'https://i.scdn.co/image/ab67616d0000b273ff677a5438b6227cdcc2a49b', 'width': 640, 'height': 640}, {'url': 'https://i.scdn.co/image/ab67616d00001e02ff677a5438b6227cdcc2a49b', 'width': 300, 'height': 300}, {'url': 'https://i.scdn.co/image/ab67616d00004851ff677a5438b6227cdcc2a49b', 'width': 64, 'height': 64}], 'is_playable': True, 'name': 'Memory Of A Day', 'release_date': '2024-10-18', 'release_date_precision': 'day', 'total_tracks': 12, 'type': 'album', 'uri': 'spotify:album:4H1TE5m2eltLhVKVuB53b1'}","[{'external_urls': {'spotify': 'https://open.spotify.com/artist/1l9d7B8W0IHy3LqWsxP2SH'}, 'href': 'https://api.spotify.com/v1/artists/1l9d7B8W0IHy3LqWsxP2SH', 'id': '1l9d7B8W0IHy3LqWsxP2SH', 'name': 'Phantogram', 'type': 'artist', 'uri': 'spotify:artist:1l9d7B8W0IHy3LqWsxP2SH'}]",1,254946,False,{'isrc': 'USA2P2454666'},{'spotify': 'https://open.spotify.com/track/4xeMNXaEBLG4hxxNI9Lm8t'},https://api.spotify.com/v1/tracks/4xeMNXaEBLG4hxxNI9Lm8t,False,True,Move In Silence,41,https://p.scdn.co/mp3-preview/78566ba1aa1048d2cd9d1ba4342d1171ef4d4e31?cid=33d8deeef1ab45eab51ced741d6bf2f4,10,track,spotify:track:4xeMNXaEBLG4hxxNI9Lm8t,Phantogram: Memory of A Day
10,0.568,0.812,2,-4.801,1,0.0394,0.000463,0.00279,0.43,0.536,119.992,audio_features,3sgOjO09wOwrjBhA70OfDV,spotify:track:3sgOjO09wOwrjBhA70OfDV,https://api.spotify.com/v1/tracks/3sgOjO09wOwrjBhA70OfDV,https://api.spotify.com/v1/audio-analysis/3sgOjO09wOwrjBhA70OfDV,242730,4,"{'album_type': 'album', 'artists': [{'external_urls': {'spotify': 'https://open.spotify.com/artist/1l9d7B8W0IHy3LqWsxP2SH'}, 'href': 'https://api.spotify.com/v1/artists/1l9d7B8W0IHy3LqWsxP2SH', 'id': '1l9d7B8W0IHy3LqWsxP2SH', 'name': 'Phantogram', 'type': 'artist', 'uri': 'spotify:artist:1l9d7B8W0IHy3LqWsxP2SH'}], 'external_urls': {'spotify': 'https://open.spotify.com/album/4H1TE5m2eltLhVKVuB53b1'}, 'href': 'https://api.spotify.com/v1/albums/4H1TE5m2eltLhVKVuB53b1', 'id': '4H1TE5m2eltLhVKVuB53b1', 'images': [{'url': 'https://i.scdn.co/image/ab67616d0000b273ff677a5438b6227cdcc2a49b', 'width': 640, 'height': 640}, {'url': 'https://i.scdn.co/image/ab67616d00001e02ff677a5438b6227cdcc2a49b', 'width': 300, 'height': 300}, {'url': 'https://i.scdn.co/image/ab67616d00004851ff677a5438b6227cdcc2a49b', 'width': 64, 'height': 64}], 'is_playable': True, 'name': 'Memory Of A Day', 'release_date': '2024-10-18', 'release_date_precision': 'day', 'total_tracks': 12, 'type': 'album', 'uri': 'spotify:album:4H1TE5m2eltLhVKVuB53b1'}","[{'external_urls': {'spotify': 'https://open.spotify.com/artist/1l9d7B8W0IHy3LqWsxP2SH'}, 'href': 'https://api.spotify.com/v1/artists/1l9d7B8W0IHy3LqWsxP2SH', 'id': '1l9d7B8W0IHy3LqWsxP2SH', 'name': 'Phantogram', 'type': 'artist', 'uri': 'spotify:artist:1l9d7B8W0IHy3LqWsxP2SH'}]",1,242730,False,{'isrc': 'USA2P2444875'},{'spotify': 'https://open.spotify.com/track/3sgOjO09wOwrjBhA70OfDV'},https://api.spotify.com/v1/tracks/3sgOjO09wOwrjBhA70OfDV,False,True,Happy Again,41,https://p.scdn.co/mp3-preview/86f65508a066c3c2dcda99bcbbeb9137e8e6df7c?cid=33d8deeef1ab45eab51ced741d6bf2f4,11,track,spotify:track:3sgOjO09wOwrjBhA70OfDV,Phantogram: Memory of A Day
11,0.396,0.546,4,-8.655,1,0.0268,0.00177,0.0084,0.0818,0.268,144.001,audio_features,4mEg7vWs7NHa5mJZvK6yOE,spotify:track:4mEg7vWs7NHa5mJZvK6yOE,https://api.spotify.com/v1/tracks/4mEg7vWs7NHa5mJZvK6yOE,https://api.spotify.com/v1/audio-analysis/4mEg7vWs7NHa5mJZvK6yOE,241520,4,"{'album_type': 'album', 'artists': [{'external_urls': {'spotify': 'https://open.spotify.com/artist/1l9d7B8W0IHy3LqWsxP2SH'}, 'href': 'https://api.spotify.com/v1/artists/1l9d7B8W0IHy3LqWsxP2SH', 'id': '1l9d7B8W0IHy3LqWsxP2SH', 'name': 'Phantogram', 'type': 'artist', 'uri': 'spotify:artist:1l9d7B8W0IHy3LqWsxP2SH'}], 'external_urls': {'spotify': 'https://open.spotify.com/album/4H1TE5m2eltLhVKVuB53b1'}, 'href': 'https://api.spotify.com/v1/albums/4H1TE5m2eltLhVKVuB53b1', 'id': '4H1TE5m2eltLhVKVuB53b1', 'images': [{'url': 'https://i.scdn.co/image/ab67616d0000b273ff677a5438b6227cdcc2a49b', 'width': 640, 'height': 640}, {'url': 'https://i.scdn.co/image/ab67616d00001e02ff677a5438b6227cdcc2a49b', 'width': 300, 'height': 300}, {'url': 'https://i.scdn.co/image/ab67616d00004851ff677a5438b6227cdcc2a49b', 'width': 64, 'height': 64}], 'is_playable': True, 'name': 'Memory Of A Day', 'release_date': '2024-10-18', 'release_date_precision': 'day', 'total_tracks': 12, 'type': 'album', 'uri': 'spotify:album:4H1TE5m2eltLhVKVuB53b1'}","[{'external_urls': {'spotify': 'https://open.spotify.com/artist/1l9d7B8W0IHy3LqWsxP2SH'}, 'href': 'https://api.spotify.com/v1/artists/1l9d7B8W0IHy3LqWsxP2SH', 'id': '1l9d7B8W0IHy3LqWsxP2SH', 'name': 'Phantogram', 'type': 'artist', 'uri': 'spotify:artist:1l9d7B8W0IHy3LqWsxP2SH'}]",1,241519,False,{'isrc': 'USA2P2454667'},{'spotify': 'https://open.spotify.com/track/4mEg7vWs7NHa5mJZvK6yOE'},https://api.spotify.com/v1/tracks/4mEg7vWs7NHa5mJZvK6yOE,False,True,Memory Of A Day,40,https://p.scdn.co/mp3-preview/245d5c28f2f9a55f71ad96666157ba925f189d51?cid=33d8deeef1ab45eab51ced741d6bf2f4,12,track,spotify:track:4mEg7vWs7NHa5mJZvK6yOE,Phantogram: Memory of A Day
